"","strata","Total","TotalVar","Total.mean","TotalLCI","TotalUCI","Total.se","Total.cv","Year"
"1","2011",3788.27609729066,228864.911615616,3820.036,NA,NA,NA,NA,"2011"
"2","2012",3112.86013667984,162688.339075075,3137.792,NA,NA,NA,NA,"2012"
"3","2013",2314.48159384082,155350.224768769,2355.616,NA,NA,NA,NA,"2013"
"4","2014",1427.82322574066,67507.2664254254,1441.471,NA,NA,NA,NA,"2014"
"5","2015",1114.61305041619,68634.3754754755,1151.03,NA,NA,NA,NA,"2015"
"6","2016",1724.14145722198,90815.4983623624,1736.944,NA,NA,NA,NA,"2016"
"7","2017",1527.24783773115,80303.1827817818,1541.549,NA,NA,NA,NA,"2017"
"8","2018",1972.76224320814,88564.3939099099,2006.522,NA,NA,NA,NA,"2018"
