"","cond((Int))","disp((Int))","cond(area)","cond(Year)","AICc","AIC","BIC","df","logLik","selectCriteria","delta","weight"
"1",-2.33385142663212,"+","+","+",495.333818942879,494.199798324322,527.429898115707,10,-237.099899162161,527.429898115707,0,0.998746057918643
"0",-2.58750399474624,"+",NA,"+",511.806301818595,510.883224895519,540.790314707764,9,-246.441612447759,540.790314707764,13.3604165920576,0.0012539420813574
