"","cond((Int))","disp((Int))","cond(area)","cond(Year)","AICc","AIC","BIC","df","logLik","selectCriteria","delta","weight"
"1",-1.55516977563136,"+","+","+",-1140.69028375364,-1141.44456946792,-1098.63648313784,11,581.722284733962,-1098.63648313784,0,0.999489286679018
"0",-1.71268998881235,"+",NA,"+",-1121.76776203512,-1122.3945426619,-1083.47810054364,10,571.19727133095,-1083.47810054364,15.1583825941984,0.000510713320982456
