"","Year","Total","TotalVar","Total.mean","TotalLCI","TotalUCI","Total.se","Total.cv"
"1","2011",3893.3869813302,180574.257704526,3907.30268431692,3094.94831620113,4734.27571521421,424.940298988606,0.108755408352218
"2","2012",2944.93806289425,141803.785738132,2970.79841494769,2229.92029504245,3727.1265369429,376.568434335822,0.126756643076522
"3","2013",1943.58158055659,123809.287578581,1952.30903631621,1332.38780873658,2691.87346272849,351.865439591019,0.180230400538918
"4","2014",1448.75685692753,85414.2489002195,1436.09123459947,864.260952607436,2042.55165119423,292.257162273604,0.203508771053195
"5","2015",1186.23381636465,85007.622838467,1185.24728841576,636.155029964912,1768.96435480915,291.560667509297,0.245991423358587
"6","2016",1823.58856115596,92477.2445021926,1842.24934789224,1313.31108495107,2469.64476215091,304.100714405923,0.165070333586413
"7","2017",1467.72481754715,86495.8206167002,1469.77929471503,912.899910438185,2076.87100709797,294.101718146461,0.200099238847614
"8","2018",1758.97858431732,93046.5523452477,1775.97520876903,1174.65909936524,2367.18585427218,305.035329667315,0.1717565246188
