"","cond((Int))","disp((Int))","cond(area)","cond(Year)","AICc","AIC","BIC","df","logLik","selectCriteria","delta","weight"
"1",2.0971203487817,"+","+","+",434.219089427659,433.592308800879,472.508750919136,10,-206.796154400439,472.508750919136,0,0.999994104703741
"0",1.04562894769213,"+",NA,"+",462.078016396951,461.566652760587,496.591450667019,9,-221.783326380294,496.591450667019,24.0826997478827,5.8952962590184e-06
