"","cond((Int))","disp((Int))","cond(area)","cond(Year)","cond(offset(log(Effort)))","AICc","AIC","BIC","df","logLik","selectCriteria","delta","weight"
"1",-2.02952205255345,"+","+","+","+",1236.42744578201,1235.80066515523,1274.71710727348,10,-607.900332577613,1274.71710727348,0,0.999999999999996
"0",-2.68659540232653,"+",NA,"+","+",1306.59264372007,1306.08128008371,1341.10607799014,9,-644.040640041853,1341.10607799014,66.3889707166545,3.83546637112093e-15
