"","cond((Int))","disp((Int))","cond(area)","cond(Year)","AICc","AIC","BIC","df","logLik","selectCriteria","delta","weight"
"1",-1.99786287611393,"+","+","+",-650.520139530714,-651.65416014927,-618.424060357886,10,335.827080074635,-618.424060357886,0,0.859837992669027
"0",-2.19162433902503,"+",NA,"+",-643.780183162879,-644.703260085956,-614.79617027371,9,331.351630042978,-614.79617027371,3.6278900841761,0.140162007330973
