"","Year","Total","TotalVar","Total.se","Total.cv","Total.mean","TotalLCI","TotalUCI"
"1","2011",4395.03168964555,1031839.95081379,1015.79523074968,0.23112352822002,NA,2404.10962170863,6385.95375758247
"2","2012",2973.89680422922,537445.399679569,733.106676875589,0.246513825171414,NA,1537.03412072722,4410.75948773121
"3","2013",2044.64140639045,319983.081568547,565.67047082957,0.276659989894359,NA,935.947656446681,3153.33515633422
"4","2014",1248.88829551544,139948.776233085,374.097281777194,0.299544229152053,NA,515.671096517808,1982.10549451307
"5","2015",1007.9112313991,99385.8213360003,315.25516861108,0.312780688209486,NA,390.022454981278,1625.80000781691
"6","2016",2130.12574698612,310633.79262113,557.345308243579,0.261649017215138,NA,1037.74901587633,3222.50247809591
"7","2017",1543.94841211221,200158.978046245,447.39130305164,0.289770888419505,NA,667.077571134552,2420.81925308987
"8","2018",1643.88765220478,191313.243718592,437.39369419162,0.266072741409663,NA,786.611764524277,2501.16353988528
