"","cond((Int))","disp((Int))","cond(area)","cond(Year)","cond(offset(log(Effort)))","AICc","AIC","BIC","df","logLik","selectCriteria","delta","weight"
"1",-2.18397888661337,"+","+","+","+",1229.04173006327,1228.28744434898,1271.09553067907,11,-603.143722174492,1271.09553067907,0,0.999999933058116
"0",-2.76081716361917,"+",NA,"+","+",1265.84475104775,1265.21797042097,1304.13441253922,10,-622.608985210483,1304.13441253922,33.0388818601557,6.69418839954772e-08
