"","Year","Eff","Units","OCat","OEff","OUnit","CPUE","CPse","Out","Pos","OCatS","OEffS","Cov","PFrac","EFrac","UFrac","Cat","Cse","ratioMean","ratioSE","deltaMean","deltaSE"
"1",2011,54271.591,1096,191,2996.496,53,0.0780039111596746,0.0138324199547832,0,37,5.49943921141584,53.9279989059285,167.984478229318,0.69811320754717,0.0552129750535598,0.0483576642335766,3459.33179320113,584.437704488506,3709.56842960658,517.727703919662,4409.81602405937,816.411612942369
"2",2012,55770.881,1079,127,2856.7,55,0.0520302357870034,0.00879354161871074,0,40,2.38725572551202,40.2375343199375,12.7114444444444,0.727272727272727,0.0512220705281668,0.0509731232622799,2479.39996744495,393.131330654571,2796.4379825978,340.328107912557,2978.94706875876,471.740702968801
"3",2013,47228.455,920,95,1877.302,44,0.0416578060265944,0.0112911615884646,0,20,5.71795695266006,31.3362480159769,135.87661205074,0.454545454545455,0.039749384137169,0.0478260869565217,2389.9741357544,754.302843823804,2379.76511245579,544.573164133777,2168.25770331616,514.643821348698
"4",2014,45602.113,867,73,2238.356,45,0.0248728672180427,0.00606795559621949,0,18,2.68234030185387,36.4194098125983,59.7672535353535,0.4,0.0490844799231123,0.0519031141868512,1487.23181165105,288.718467040105,1402.38506824194,265.110867384732,1385.2693495469,229.698874674148
"5",2015,40476.069,836,52,1761.015,37,0.0230986051420787,0.00558490982427114,0,15,2.51063802713639,27.7779773661719,40.2516111111111,0.405405405405405,0.04350755998563,0.0442583732057416,1195.19458266965,293.113866814175,1191.7921463206,282.972349770582,981.199652368351,242.966929575241
"6",2016,38226.887,783,79,1871.33,39,0.0549558151451503,0.0174222584494969,0,24,3.07354740604728,28.3712596865874,14.5540047233468,0.615384615384615,0.0489532406863264,0.0498084291187739,1613.78488721925,386.344022019307,1690.0865518288,339.840284646807,1925.86522757279,497.441377106603
"7",2017,42997.467,850,90,2007.442,43,0.0372637739934121,0.013172330503211,0,20,4.83939170463343,22.5224980636134,43.4520764119601,0.465116279069767,0.0466874478908258,0.0505882352941176,1927.71299494581,620.289867755062,1806.53150311839,523.357934745734,1461.88363268946,382.639549674978
"8",2018,44844.06,929,89,1991.183,46,0.039641315278957,0.00613849002831976,0,31,3.47308491698371,34.0803349948168,103.18499468599,0.673913043478261,0.044402380159156,0.0495156081808396,2004.39705441439,338.229295114728,1704.53471324731,233.701204459733,1656.62812522142,282.021222964063
