"","strata","Total","TotalVar","Total.mean","TotalLCI","TotalUCI","Total.se","Total.cv","Year"
"1","2011",3893.3869813302,180574.257704526,3907.30268431692,NA,NA,NA,NA,"2011"
"2","2012",2944.93806289425,141803.785738132,2970.79841494769,NA,NA,NA,NA,"2012"
"3","2013",1943.58158055659,123809.287578581,1952.30903631621,NA,NA,NA,NA,"2013"
"4","2014",1448.75685692753,85414.2489002195,1436.09123459947,NA,NA,NA,NA,"2014"
"5","2015",1186.23381636465,85007.622838467,1185.24728841576,NA,NA,NA,NA,"2015"
"6","2016",1823.58856115596,92477.2445021926,1842.24934789224,NA,NA,NA,NA,"2016"
"7","2017",1467.72481754715,86495.8206167002,1469.77929471503,NA,NA,NA,NA,"2017"
"8","2018",1758.97858431732,93046.5523452477,1775.97520876903,NA,NA,NA,NA,"2018"
