"","cond((Int))","disp((Int))","cond(area)","cond(Year)","AICc","AIC","BIC","df","logLik","selectCriteria","delta","weight"
"1",-1.99646261387663,"+","+","+",-206.279597515497,-207.17358032352,-160.47384978161,12,115.58679016176,-160.47384978161,0,0.99678385789081
"0",-2.53789910849047,"+",NA,"+",-191.054947566506,-191.809233280792,-149.001146950708,11,106.904616640396,-149.001146950708,11.4727028309021,0.00321614210918953
