"","Year","Total","TotalVar","Total.mean","TotalLCI","TotalUCI","Total.se","Total.cv"
"1","2011",3788.27609729066,228864.911615616,3820.036,3014.9,4866.1,478.398277187132,0.125233970880675
"2","2012",3112.86013667984,162688.339075075,3137.792,2418.825,4020.625,403.346425638154,0.128544666325287
"3","2013",2314.48159384082,155350.224768769,2355.616,1683.775,3198.275,394.144928635101,0.167321383720904
"4","2014",1427.82322574066,67507.2664254254,1441.471,997.925,2019.5,259.82160500125,0.180247542268453
"5","2015",1114.61305041619,68634.3754754755,1151.03,720.975,1736,261.98163194292,0.227606258692579
"6","2016",1724.14145722198,90815.4983623624,1736.944,1223,2400.325,301.35609893009,0.173497878417548
"7","2017",1527.24783773115,80303.1827817818,1541.549,1065.85,2152.225,283.378162146948,0.18382689239651
"8","2018",1972.76224320814,88564.3939099099,2006.522,1477.975,2629,297.597704812907,0.148315196550502
