"","cond((Int))","disp((Int))","cond(area)","cond(Year)","AICc","AIC","BIC","df","logLik","selectCriteria","delta","weight"
"1",0.103531831494125,"+","+","+",-872.099765469064,-872.726546095844,-833.810103977587,10,446.363273047922,-833.810103977587,0,0.999993336975245
"0",0.0780038387191943,"+",NA,"+",-844.485677555443,-844.997041191807,-809.972243285375,9,431.498520595903,-809.972243285375,23.8378606922117,6.6630247546305e-06
