"","cond((Int))","disp((Int))","cond(area)","cond(Year)","AICc","AIC","BIC","df","logLik","selectCriteria","delta","weight"
"1",-1.67566264078597,"+","+","+",237.487758319451,236.733472605166,279.541558935249,11,-107.366736302583,279.541558935249,0,0.999994363458346
"0",-1.82178210726676,"+",NA,"+",265.424365895564,264.797585268784,303.714027387041,10,-122.398792634392,303.714027387041,24.1724684517921,5.63654165393533e-06
