"","model","formula","RMSE","ME"
"1","TMBgamma","area + 1 + Year",0.069776363029529,-0.000122056098358887
"2","Gamma","area + 1 + Year",0.0697763506671252,-0.000121982871032559
