"","TMBgamma","Gamma"
"1",0.00667360306100111,0.00667397403541848
"2",0.00258435754503084,0.00258448410813764
"3",0.0122596137722292,0.0122596163453738
"4",-0.00208902935885141,-0.00208916738038875
"5",-0.00751724209228739,-0.0075171409115829
"6",-0.012603220493995,-0.0126031178736375
"7",-0.00156095860702417,-0.00156105184104885
"8",-0.00405786623664577,-0.00405791114008815
"9",-0.001635961649042,-0.00163592098411106
"10",0.00672614307599567,0.00672640693160167
