"","TMBgamma","Gamma"
"KS.D",0.166121546961326,0.166121546961326
"KS.p",4.20654788779729e-09,4.20654788779729e-09
"Dispersion.ratio",1.80797158917778,1.80797357371298
"Dispersion.p",0,0
"ZeroInf.ratio",NA,NA
"ZeroInf.p",1,1
"Outlier",10,10
"Outlier.p",0.000773553769341666,0.000773553769341666
