"","TMBbinomial","TMBdelta-Lognormal","TMBdelta-Gamma"
"1",NA,0.0374094763191668,0.0371509030530083
"2",NA,0.0534287745081248,0.0536844752012706
"3",NA,0.072165235696726,0.070770622836896
"4",NA,0.113894223978223,0.114174917545957
"5",NA,0.0484563554684332,0.0523048084276721
"6",NA,0.0772060882001695,0.0770502965509285
"7",NA,0.0423644803601355,0.043691476765644
"8",NA,0.100216174583176,0.100544233174834
"9",NA,0.0368053447739088,0.0370917862667977
"10",NA,0.0915681434305353,0.0903879127724761
